{
  "parent": "minecraft:item/generated",
  "textures": {
    "layer0": "minecraft:item/tropical_fish"
  },

	"overrides": 
	[
		{ "predicate": { "custom_model_data": 1}, "model": "cat/1"},
		{ "predicate": { "custom_model_data": 2}, "model": "cat/2"},
		{ "predicate": { "custom_model_data": 3}, "model": "cat/3"},
		{ "predicate": { "custom_model_data": 4}, "model": "cat/4"},
		{ "predicate": { "custom_model_data": 5}, "model": "cat/5"},
		{ "predicate": { "custom_model_data": 6}, "model": "cat/6"},
		{ "predicate": { "custom_model_data": 7}, "model": "cat/7"},
		{ "predicate": { "custom_model_data": 8}, "model": "cat/8"},
		{ "predicate": { "custom_model_data": 9}, "model": "cat/9"},
		{ "predicate": { "custom_model_data": 10}, "model": "cat/10"},
		{ "predicate": { "custom_model_data": 11}, "model": "cat/11"},
		{ "predicate": { "custom_model_data": 12}, "model": "cat/12"},
		{ "predicate": { "custom_model_data": 13}, "model": "cat/13"},
		{ "predicate": { "custom_model_data": 14}, "model": "cat/14"},
		{ "predicate": { "custom_model_data": 15}, "model": "cat/15"},
		{ "predicate": { "custom_model_data": 16}, "model": "cat/16"},
		{ "predicate": { "custom_model_data": 17}, "model": "cat/17"},
		{ "predicate": { "custom_model_data": 18}, "model": "cat/18"},
		{ "predicate": { "custom_model_data": 19}, "model": "cat/19"},
		{ "predicate": { "custom_model_data": 20}, "model": "cat/20"}
		
  ]
}
