{
  "parent": "minecraft:item/generated",
  "textures": {
    "layer0": "minecraft:item/bone"
  },

	"overrides": 
	[
		{ "predicate": { "custom_model_data": 1}, "model": "at/terrance"},
		{ "predicate": { "custom_model_data": 2}, "model": "at/tux"},
		{ "predicate": { "custom_model_data": 3}, "model": "at/gun"}
		{ "predicate": { "custom_model_data": 4}, "model": "at/ttt"}
		{ "predicate": { "custom_model_data": 5}, "model": "at/null"}
		{ "predicate": { "custom_model_data": 6}, "model": "at/null"}
		{ "predicate": { "custom_model_data": 7}, "model": "at/null"}
		{ "predicate": { "custom_model_data": 8}, "model": "at/null"}
				
		
  ]
}
